{
    "RandomSample": {
        "25": {
            "0": 0.4541817307472229,
            "1": 0.5102042555809021
        }
    }
}
