{
    "RandomSample": {
        "25": {
            "0": {
                "accuracy": 0.4541817307472229,
                "time_taken": 14.62468170000102
            },
            "1": {
                "accuracy": 0.5102042555809021,
                "time_taken": 17.414182199998322
            },
            "2": {
                "accuracy": 0.433573454618454,
                "time_taken": 16.065919999999096
            },
            "3": {
                "accuracy": 0.5116046667098999,
                "time_taken": 11.694320099999459
            },
            "4": {
                "accuracy": 0.4722886085510254,
                "time_taken": 21.331825900000695
            }
        },
        "50": {
            "0": {
                "accuracy": 0.6085997223854065,
                "time_taken": 4.696642499999143
            },
            "1": {
                "accuracy": 0.6135995388031006,
                "time_taken": 7.713455899998735
            },
            "2": {
                "accuracy": 0.4884001910686493,
                "time_taken": 4.006015400000251
            },
            "3": {
                "accuracy": 0.6309995055198669,
                "time_taken": 5.7981178000009095
            },
            "4": {
                "accuracy": 0.6122995615005493,
                "time_taken": 8.23062260000006
            }
        }
    }
}
