{
    "RandomSample": {
        "25": {
            "0": {
                "accuracy": 0.45478203892707825,
                "time_taken": 14.200816094999936
            },
            "1": {
                "accuracy": 0.5091038346290588,
                "time_taken": 17.04631540000082
            },
            "2": {
                "accuracy": 0.43297332525253296,
                "time_taken": 15.345077128999037
            },
            "3": {
                "accuracy": 0.5176071524620056,
                "time_taken": 14.121632438000233
            },
            "4": {
                "accuracy": 0.47098812460899353,
                "time_taken": 20.169368844000928
            }
        },
        "50": {
            "0": {
                "accuracy": 0.6087995767593384,
                "time_taken": 5.061469584999941
            },
            "1": {
                "accuracy": 0.612399697303772,
                "time_taken": 9.978386927001338
            },
            "2": {
                "accuracy": 0.5461000204086304,
                "time_taken": 8.411856134000118
            },
            "3": {
                "accuracy": 0.630499541759491,
                "time_taken": 6.621794463000697
            },
            "4": {
                "accuracy": 0.6109997034072876,
                "time_taken": 9.239254248001089
            }
        },
        "100": {
            "0": {
                "accuracy": 0.7076998353004456,
                "time_taken": 4.120414041999538
            },
            "1": {
                "accuracy": 0.7329997420310974,
                "time_taken": 4.542990951998945
            },
            "2": {
                "accuracy": 0.601800262928009,
                "time_taken": 2.0199918360012816
            },
            "3": {
                "accuracy": 0.7240003347396851,
                "time_taken": 3.172111471001699
            },
            "4": {
                "accuracy": 0.692200243473053,
                "time_taken": 4.592077682998934
            }
        },
        "500": {
            "0": {
                "accuracy": 0.8522636294364929,
                "time_taken": 2.120208047000233
            },
            "1": {
                "accuracy": 0.8402444124221802,
                "time_taken": 2.000392367999666
            },
            "2": {
                "accuracy": 0.8541666865348816,
                "time_taken": 2.045731784999589
            },
            "3": {
                "accuracy": 0.8365384340286255,
                "time_taken": 2.0332481489986094
            },
            "4": {
                "accuracy": 0.846754789352417,
                "time_taken": 1.761006124999767
            }
        },
        "1000": {
            "0": {
                "accuracy": 0.8826121687889099,
                "time_taken": 1.9824044299994057
            },
            "1": {
                "accuracy": 0.8758012652397156,
                "time_taken": 1.696204197998668
            },
            "2": {
                "accuracy": 0.8830128312110901,
                "time_taken": 1.740415791000487
            },
            "3": {
                "accuracy": 0.8709936141967773,
                "time_taken": 1.770967828000721
            },
            "4": {
                "accuracy": 0.8834134340286255,
                "time_taken": 1.7344507499983592
            }
        },
        "5000": {
            "0": {
                "accuracy": 0.9231770634651184,
                "time_taken": 2.4383476650000375
            },
            "1": {
                "accuracy": 0.926682710647583,
                "time_taken": 2.7419285029991443
            },
            "2": {
                "accuracy": 0.9289863705635071,
                "time_taken": 2.8192238739993627
            },
            "3": {
                "accuracy": 0.9265825152397156,
                "time_taken": 2.256752848999895
            },
            "4": {
                "accuracy": 0.9258813858032227,
                "time_taken": 2.344252783999764
            }
        }
    },
    "RPCholesky": {
        "25": {
            "0": {
                "accuracy": 0.516006588935852,
                "time_taken": 18.90824665299988
            },
            "1": {
                "accuracy": 0.4759904444217682,
                "time_taken": 22.251428362998922
            },
            "2": {
                "accuracy": 0.552420973777771,
                "time_taken": 13.855418683999233
            },
            "3": {
                "accuracy": 0.23719485104084015,
                "time_taken": 5.789340613000604
            },
            "4": {
                "accuracy": 0.5331131815910339,
                "time_taken": 24.935102237001047
            }
        },
        "50": {
            "0": {
                "accuracy": 0.6441996097564697,
                "time_taken": 9.90691523500027
            },
            "1": {
                "accuracy": 0.6351996064186096,
                "time_taken": 9.092704140999558
            },
            "2": {
                "accuracy": 0.5877996683120728,
                "time_taken": 5.830756097000631
            },
            "3": {
                "accuracy": 0.5941998958587646,
                "time_taken": 10.832162388000143
            },
            "4": {
                "accuracy": 0.6267996430397034,
                "time_taken": 10.727704777000326
            }
        },
        "100": {
            "0": {
                "accuracy": 0.748299777507782,
                "time_taken": 6.519360739000149
            },
            "1": {
                "accuracy": 0.7376001477241516,
                "time_taken": 6.590770124999835
            },
            "2": {
                "accuracy": 0.7167001366615295,
                "time_taken": 7.3367423260006035
            },
            "3": {
                "accuracy": 0.697600245475769,
                "time_taken": 7.641967814000964
            },
            "4": {
                "accuracy": 0.7449000477790833,
                "time_taken": 7.6163018949991965
            }
        },
        "500": {
            "0": {
                "accuracy": 0.8571714758872986,
                "time_taken": 19.11243817400009
            },
            "1": {
                "accuracy": 0.8511618375778198,
                "time_taken": 18.987907978000294
            },
            "2": {
                "accuracy": 0.8565705418586731,
                "time_taken": 19.428641526999854
            },
            "3": {
                "accuracy": 0.856370210647583,
                "time_taken": 19.257501813999625
            },
            "4": {
                "accuracy": 0.8596754670143127,
                "time_taken": 19.0368639649987
            }
        },
        "1000": {
            "0": {
                "accuracy": 0.8904246687889099,
                "time_taken": 43.936109909999686
            },
            "1": {
                "accuracy": 0.8768028616905212,
                "time_taken": 43.86923123899942
            },
            "2": {
                "accuracy": 0.8892227411270142,
                "time_taken": 43.83613939599854
            },
            "3": {
                "accuracy": 0.8884214758872986,
                "time_taken": 44.03538769100123
            },
            "4": {
                "accuracy": 0.8854166865348816,
                "time_taken": 43.986204912000176
            }
        },
        "5000": {
            "0": {
                "accuracy": 0.9230769276618958,
                "time_taken": 647.6538355550001
            },
            "1": {
                "accuracy": 0.9264823794364929,
                "time_taken": 574.8388974410009
            },
            "2": {
                "accuracy": 0.9277844429016113,
                "time_taken": 574.7325390240003
            },
            "3": {
                "accuracy": 0.9284855723381042,